City_ID,City,Country,Lat,Lng,Max Temp,Humidity,Cloudiness,Wind Speed,Current Description
0,Gobabis,NA,-22.45,18.9667,65.88,28,4,10.71,clear sky
1,Ushuaia,AR,-54.8,-68.3,40.66,60,40,9.22,scattered clouds
2,San Patricio,US,28.017,-97.5169,76.84,76,19,8.97,few clouds
3,Banjarmasin,ID,-3.3244,114.591,88.72,62,88,0.94,overcast clouds
4,Tiksi,RU,71.6872,128.8694,-9.13,96,100,8.57,overcast clouds
5,Kayes,ML,14.0,-11.0,73.2,16,0,1.41,clear sky
6,Saskylakh,RU,71.9167,114.0833,-14.1,97,96,6.44,overcast clouds
7,Cidreira,BR,-30.1811,-50.2056,62.76,87,2,3.56,clear sky
8,Hasaki,JP,35.7333,140.8333,72.28,50,24,17.58,few clouds
9,Bambous Virieux,MU,-20.3428,57.7575,75.22,68,8,9.57,clear sky
10,Fairhope,US,30.523,-87.9033,65.68,67,0,6.91,clear sky
11,Vega De Alatorre,MX,20.0333,-96.6333,75.36,81,0,2.95,clear sky
12,Bathsheba,BB,13.2167,-59.5167,79.41,89,20,13.8,few clouds
13,Albany,US,42.6001,-73.9662,44.46,55,0,3.36,clear sky
14,Kapaa,US,22.0752,-159.319,78.48,75,75,14.97,broken clouds
15,Avarua,CK,-21.2078,-159.775,77.05,73,75,14.97,broken clouds
16,Barcelona,ES,41.3888,2.159,60.67,81,75,4.61,moderate rain
17,Atuona,PF,-9.8,-139.0333,77.29,74,63,17.49,broken clouds
18,Busselton,AU,-33.65,115.3333,63.55,74,99,14.85,overcast clouds
19,Kahului,US,20.8947,-156.47,82.42,67,40,14.97,scattered clouds
20,Asau,RO,46.4333,26.4,40.28,84,51,4.63,broken clouds
21,Faanui,PF,-16.4833,-151.75,79.39,77,99,14.88,light rain
22,Saldanha,ZA,-33.0117,17.9442,56.39,78,0,8.7,clear sky
23,Punta Arenas,CL,-53.15,-70.9167,39.31,70,0,9.22,clear sky
24,Kruisfontein,ZA,-34.0033,24.7314,56.88,76,100,5.79,overcast clouds
25,Fare,PF,-16.7,-151.0167,79.09,77,100,14.07,light rain
26,Fortuna,US,40.5982,-124.1573,45.99,93,0,3.44,clear sky
27,Lebu,CL,-37.6167,-73.65,54.59,84,67,17.4,broken clouds
28,Camopi,GF,3.1655,-52.3158,72.3,99,100,0.85,overcast clouds
29,Meulaboh,ID,4.1363,96.1285,82.0,76,55,2.19,broken clouds
30,Coahuayana,MX,18.7333,-103.6833,75.15,93,5,1.3,clear sky
31,Rikitea,PF,-23.1203,-134.9692,73.18,87,100,10.94,overcast clouds
32,Jamestown,US,42.097,-79.2353,54.99,29,0,14.97,clear sky
33,Haines Junction,CA,60.7522,-137.5108,17.58,97,100,2.17,overcast clouds
34,Codrington,AU,-38.2667,141.9667,73.53,72,100,20.92,moderate rain
35,Plerin,FR,48.5425,-2.7798,48.43,94,1,4.0,clear sky
36,Broome,US,42.2506,-75.833,44.98,57,0,6.91,clear sky
37,Carnarvon,AU,-24.8667,113.6333,69.91,57,92,13.94,overcast clouds
38,Balkhash,KZ,46.844,74.9804,30.81,86,40,8.95,scattered clouds
39,Port Hardy,CA,50.6996,-127.4199,34.77,73,36,1.74,scattered clouds
40,Pevek,RU,69.7008,170.3133,-5.75,99,100,3.49,overcast clouds
41,Vaini,TO,-21.2,-175.2,80.76,83,75,10.36,broken clouds
42,Chuy,UY,-33.6971,-53.4616,57.4,94,61,6.17,broken clouds
43,Kupang,ID,-10.1667,123.5833,88.38,79,75,5.75,broken clouds
44,Fairview,US,40.8126,-73.999,51.22,74,0,11.01,clear sky
45,Vaitape,PF,-16.5167,-151.75,79.48,77,100,15.01,light rain
46,Komsomolskiy,UZ,40.4272,71.7189,32.72,86,3,6.91,clear sky
47,New Norfolk,AU,-42.7826,147.0587,81.91,31,66,7.0,broken clouds
48,Hilo,US,19.7297,-155.09,75.11,88,20,8.05,moderate rain
49,Urengoy,RU,65.9667,78.3667,-14.67,100,45,0.74,scattered clouds
50,Pran Buri,TH,12.3847,99.9098,81.0,66,54,10.54,broken clouds
51,Padang,ID,-0.9492,100.3543,82.45,79,100,1.03,overcast clouds
52,Praia Da Vitoria,PT,38.7333,-27.0667,69.76,95,100,30.87,overcast clouds
53,Woodward,US,36.4337,-99.3904,70.83,75,0,25.32,clear sky
54,Lata,PT,40.1629,-8.3327,56.07,92,1,2.46,clear sky
55,Ust-Tsilma,RU,65.441,52.1498,30.65,97,100,4.94,overcast clouds
56,Chokurdakh,RU,70.6333,147.9167,-8.93,99,100,8.46,overcast clouds
57,Vitim,RU,59.4511,112.5578,20.82,89,100,13.11,light snow
58,Pamanukan,ID,-6.2842,107.8106,85.41,65,72,8.34,broken clouds
59,Kijang,KR,35.2442,129.2139,66.96,27,99,3.18,overcast clouds
60,Saint Simons,US,31.1352,-81.3901,68.04,82,100,25.32,overcast clouds
61,Mataura,NZ,-46.1927,168.8643,58.48,31,0,5.3,clear sky
62,Hithadhoo,MV,-0.6,73.0833,81.84,73,85,13.51,overcast clouds
63,Ponta Do Sol,PT,32.6667,-17.1,68.63,83,31,2.89,scattered clouds
64,Hobart,AU,-42.8794,147.3294,82.27,45,0,18.41,clear sky
65,Oktyabrskoye,RU,43.0645,44.7417,32.14,100,100,4.47,overcast clouds
66,Ahipara,NZ,-35.1667,173.1667,70.09,69,83,4.03,broken clouds
67,Cape Town,ZA,-33.9258,18.4232,59.92,68,0,10.0,clear sky
68,Verkhoyansk,RU,67.5447,133.385,-8.27,97,97,2.19,overcast clouds
69,Mayo,US,38.8876,-76.5119,53.94,82,0,3.44,clear sky
70,Barras,BR,-4.2444,-42.2944,74.28,84,92,3.2,overcast clouds
71,High Level,CA,58.5169,-117.136,2.52,96,43,2.95,scattered clouds
72,East London,ZA,-33.0153,27.9116,64.11,78,100,5.84,light rain
73,Dikson,RU,73.5069,80.5464,-4.23,100,33,11.48,scattered clouds
74,Tashara,RU,55.5195,83.5094,27.52,92,100,11.32,light snow
75,Iralaya,HN,15.0,-83.2333,76.96,82,78,8.7,broken clouds
76,Pastavy,BY,55.1168,26.8326,44.96,87,100,8.93,overcast clouds
77,Tasiilaq,GL,65.6145,-37.6368,33.96,78,100,7.96,overcast clouds
78,Saint George,US,37.1041,-113.5841,46.99,62,0,3.44,clear sky
79,Zhigansk,RU,66.7697,123.3711,-5.39,96,100,13.27,overcast clouds
80,Egvekinot,RU,66.3167,-179.1667,13.53,94,100,4.59,overcast clouds
81,Bethel,US,41.3712,-73.414,49.66,82,0,1.01,clear sky
82,Paamiut,GL,61.994,-49.6678,17.46,78,100,7.47,overcast clouds
83,Mount Gambier,AU,-37.8333,140.7667,72.5,62,100,10.27,overcast clouds
84,Belgrade,RS,44.804,20.4651,47.43,96,11,1.14,mist
85,Smolenskaya,RU,44.7887,38.8018,37.22,83,7,1.74,clear sky
86,Elizabeth City,US,36.2946,-76.2511,60.8,86,100,17.27,overcast clouds
87,Albertville,US,34.2676,-86.2089,59.76,57,0,4.61,clear sky
88,Ulladulla,AU,-35.35,150.4667,70.25,57,1,15.84,clear sky
89,Upernavik,GL,72.7868,-56.1549,5.22,71,99,5.39,overcast clouds
90,Khatanga,RU,71.9667,102.5,-5.73,99,100,5.37,overcast clouds
91,Butaritari,KI,3.0707,172.7902,81.79,71,100,19.66,overcast clouds
92,Saint-Philippe,RE,-21.3585,55.7679,72.99,72,58,6.71,broken clouds
93,Provideniya,RU,64.3833,-173.3,26.71,80,100,4.47,shower snow
94,Cabedelo,BR,-6.9811,-34.8339,77.67,79,70,10.67,broken clouds
95,Lahij,YE,13.1667,44.5833,70.63,87,0,5.12,clear sky
96,Cabo San Lucas,MX,22.8909,-109.9124,76.6,67,75,10.36,broken clouds
97,Port Elizabeth,ZA,-33.918,25.5701,59.09,70,90,8.57,overcast clouds
98,Avera,US,33.194,-82.5271,61.38,60,81,16.02,broken clouds
99,Vila Velha,BR,-20.3297,-40.2925,69.94,92,20,3.44,moderate rain
100,George Town,MY,5.4112,100.3354,85.95,77,20,9.22,few clouds
101,Suntar,RU,62.1444,117.6319,20.68,92,100,9.93,overcast clouds
102,Tazovskiy,RU,67.4667,78.7,-6.45,99,84,6.8,broken clouds
103,Chumikan,RU,54.7183,135.315,21.27,75,24,19.46,few clouds
104,Parit Raja,MY,1.8681,103.1124,78.19,89,100,4.45,moderate rain
105,Mitchell,US,43.7094,-98.0298,37.38,98,100,5.75,mist
106,Loei,TH,17.4167,101.5,67.37,59,100,2.57,overcast clouds
107,Kidodi,TZ,-7.6036,37.0044,73.99,84,98,1.81,overcast clouds
108,Palmer,US,42.1584,-72.3287,43.66,75,0,8.05,clear sky
109,Belaya Gora,RU,68.5333,146.4167,-22.05,98,29,3.56,scattered clouds
110,Czluchow,PL,53.6672,17.3588,46.83,92,100,8.57,overcast clouds
111,Arraial Do Cabo,BR,-22.9661,-42.0278,70.16,88,100,20.38,light rain
112,Airai,TL,-8.9266,125.4092,73.24,62,84,2.15,broken clouds
113,Ponferrada,ES,42.5466,-6.5962,55.96,98,74,1.01,broken clouds
114,Shagamu,NG,6.8432,3.6478,76.78,92,94,2.44,overcast clouds
115,Te Anau,NZ,-45.4167,167.7167,65.17,36,1,2.71,clear sky
116,Thompson,CA,55.7435,-97.8558,8.76,78,75,9.22,broken clouds
117,Sinjar,IQ,36.3209,41.8754,59.59,57,89,5.08,overcast clouds
118,Narsaq,GL,60.9167,-46.05,34.02,85,100,2.53,overcast clouds
119,Salta,AR,-24.7859,-65.4117,68.59,57,2,3.0,smoke
120,Lagoa,PT,39.05,-27.9833,67.87,86,90,25.72,overcast clouds
121,Neyshabur,IR,36.2133,58.7958,43.97,24,0,0.25,clear sky
122,Ekibastuz,KZ,51.6667,75.3667,26.64,83,99,14.41,overcast clouds
123,Honavar,IN,14.2833,74.45,79.83,57,6,7.38,clear sky
124,Port Alfred,ZA,-33.5906,26.891,59.18,97,100,11.07,overcast clouds
125,Shelburne,CA,44.0787,-80.2041,57.65,41,4,16.58,clear sky
126,Aborlan,PH,9.4352,118.5492,86.07,72,100,5.1,overcast clouds
127,Eureka,US,40.8021,-124.1637,46.26,95,5,4.5,clear sky
128,Kirakira,SB,-10.4544,161.9205,83.03,81,100,7.47,overcast clouds
129,Tuktoyaktuk,CA,69.4541,-133.0374,15.8,92,75,8.05,broken clouds
130,Bonthe,SL,7.5264,-12.505,77.94,82,2,4.68,clear sky
131,Hamilton,US,39.1834,-84.5333,61.65,43,0,11.5,clear sky
132,Tessalit,ML,20.1986,1.0114,69.69,15,51,9.37,broken clouds
133,Saint-Nazaire,FR,47.2833,-2.2,45.34,100,2,3.44,fog
134,Vanavara,RU,60.34,102.2797,21.43,88,100,11.79,overcast clouds
135,Gimli,CA,50.6336,-96.9907,17.62,79,100,13.8,overcast clouds
136,Corrales,US,35.2378,-106.6067,59.36,28,1,8.01,clear sky
137,Sechura,PE,-5.5569,-80.8222,63.59,82,78,12.5,broken clouds
138,Talnakh,RU,69.4865,88.3972,4.21,99,100,7.74,overcast clouds
139,Qaanaaq,GL,77.484,-69.3632,-7.4,61,95,6.49,overcast clouds
140,Husavik,IS,66.0449,-17.3389,41.47,99,100,9.4,overcast clouds
141,Tunceli,TR,39.1083,39.5471,49.51,76,99,3.38,overcast clouds
142,Victoria,HK,22.2855,114.1577,80.96,76,14,5.99,few clouds
143,Dourados,BR,-22.2211,-54.8056,67.53,59,17,5.35,few clouds
144,Castro,BR,-24.7911,-50.0119,55.87,68,6,1.97,clear sky
145,Wewak,PG,-3.5534,143.6268,82.26,77,95,1.74,light rain
146,Kavieng,PG,-2.5744,150.7967,85.1,67,62,5.53,broken clouds
147,Saint-Augustin,CA,51.226,-58.6502,29.34,35,75,8.3,broken clouds
148,Ribeira Grande,PT,38.5167,-28.7,69.78,91,100,21.0,overcast clouds
149,Berlevag,NO,70.8578,29.0864,33.8,80,100,6.91,overcast clouds
150,Grindavik,IS,63.8424,-22.4338,39.67,93,75,11.5,light intensity drizzle
151,Puerto Quijarro,BO,-17.7833,-57.7667,76.98,36,0,2.95,clear sky
152,Juneau,US,58.3019,-134.4197,32.22,85,100,8.05,overcast clouds
153,Kaitangata,NZ,-46.2817,169.8464,55.92,58,0,12.06,clear sky
154,Aksu,CN,41.1231,80.2644,41.97,41,7,1.63,clear sky
155,Bredasdorp,ZA,-34.5322,20.0403,56.89,68,35,8.86,scattered clouds
156,Nikolskoye,RU,59.7035,30.7861,49.91,94,100,8.55,overcast clouds
157,Iqaluit,CA,63.7506,-68.5145,11.93,73,100,11.5,light snow
158,Imeni Poliny Osipenko,RU,52.4201,136.4853,28.2,49,4,3.38,clear sky
159,Port Augusta,AU,-32.5,137.7667,85.28,29,1,10.45,clear sky
160,Souillac,MU,-20.5167,57.5167,73.78,73,20,5.75,few clouds
161,Sur,OM,22.5667,59.5289,80.42,52,0,0.78,clear sky
162,Atar,MR,20.5169,-13.0499,76.64,17,0,6.38,clear sky
163,Whitstable,GB,51.3607,1.0257,53.58,91,8,3.0,clear sky
164,Kailua,US,21.4022,-157.7394,80.58,69,0,5.01,clear sky
165,Nouadhibou,MR,20.931,-17.0347,69.33,77,56,10.22,broken clouds
166,Yellowknife,CA,62.456,-114.3525,9.12,85,100,12.66,light shower snow
167,Poum,NC,-20.2333,164.0167,77.23,74,3,23.13,clear sky
168,Moree,AU,-29.4667,149.85,78.82,33,11,4.99,few clouds
169,Mar Del Plata,AR,-38.0023,-57.5575,61.88,91,0,14.0,clear sky
170,Abha,SA,18.2164,42.5053,58.82,44,0,5.75,clear sky
171,Varhaug,NO,58.6147,5.6457,49.55,87,96,13.04,overcast clouds
172,Ilulissat,GL,69.2167,-51.1,8.62,61,75,10.36,broken clouds
173,Lorengau,PG,-2.0226,147.2712,83.3,73,98,2.77,overcast clouds
174,Nishihara,JP,26.1842,127.7558,74.48,83,75,10.36,broken clouds
175,Mahebourg,MU,-20.4081,57.7,75.25,73,20,5.75,few clouds
176,Puerto Ayora,EC,-0.7393,-90.3518,67.55,90,38,4.0,scattered clouds
177,Cherskiy,RU,68.75,161.3,-3.15,97,100,8.57,overcast clouds
178,Ancud,CL,-41.8697,-73.8203,50.9,95,100,0.54,light rain
179,Nelson Bay,AU,-32.7167,152.15,72.0,55,3,14.34,clear sky
180,Luderitz,NA,-26.6481,15.1594,56.82,81,4,13.29,clear sky
181,Erzin,TR,36.9559,36.2,59.18,66,78,4.16,broken clouds
182,Diffa,NE,13.3154,12.6113,73.78,23,31,7.67,scattered clouds
183,Leningradskiy,RU,69.3833,178.4167,-0.15,86,100,4.65,overcast clouds
184,Kodiak,US,57.79,-152.4072,36.91,87,100,19.57,light rain
185,Ixtapa,MX,20.7,-105.2,78.03,83,40,0.0,scattered clouds
186,Isla Mujeres,MX,21.2311,-86.731,73.45,80,4,7.05,moderate rain
187,Panaba,MX,21.2833,-88.2667,72.14,84,0,5.66,clear sky
188,Nioro,GM,13.35,-15.75,73.94,84,1,4.76,clear sky
189,Katsuura,JP,35.1333,140.3,69.82,53,1,18.79,clear sky
190,Abu Samrah,SY,35.3029,37.1841,55.09,78,16,5.55,few clouds
191,Raga,SS,8.4596,25.678,70.3,31,83,2.53,broken clouds
192,Ishurdi,BD,24.1333,89.0833,79.05,60,0,5.35,clear sky
193,Hella,NO,67.2,14.4333,34.88,67,75,17.27,broken clouds
194,Aranos,NA,-24.1333,19.1167,65.01,25,2,9.8,clear sky
195,Quang Ngai,VN,15.1167,108.8,81.25,77,48,7.92,scattered clouds
196,Deputatskiy,RU,69.3,139.9,-9.17,94,100,4.29,overcast clouds
197,Vila,PT,42.0304,-8.1588,49.08,95,93,3.62,overcast clouds
198,Issia,CI,6.4922,-6.5856,69.89,98,20,2.91,few clouds
199,Ugu,IN,26.7833,80.3333,74.93,55,0,1.01,clear sky
200,Lasa,IT,46.6166,10.7002,43.36,99,100,4.52,overcast clouds
201,Port Hedland,AU,-20.3167,118.5667,82.45,51,0,18.41,clear sky
202,Huangnihe,CN,43.5583,128.0239,48.02,60,54,3.47,broken clouds
203,Isangel,VU,-19.55,169.2667,84.31,84,75,4.61,broken clouds
204,Krasnoselkup,RU,65.7,82.4667,-17.77,100,43,1.86,scattered clouds
205,Cartagena,CO,10.3997,-75.5144,76.62,94,40,2.3,scattered clouds
206,Waki,JP,34.0667,134.15,69.62,48,18,3.2,few clouds
207,Yuzhno-Kurilsk,RU,44.0306,145.8556,47.98,60,100,23.15,overcast clouds
208,Makurdi,NG,7.7411,8.5121,74.01,66,97,3.6,overcast clouds
209,Ocos,GT,14.5094,-92.1933,75.38,75,6,0.2,clear sky
210,Bilma,NE,18.6853,12.9164,66.78,30,0,8.55,clear sky
211,Shingu,JP,33.7333,135.9833,66.65,70,91,5.99,overcast clouds
212,Kikwit,CD,-5.041,18.8162,68.2,99,100,1.74,overcast clouds
213,Constitucion,CL,-35.3333,-72.4167,54.52,93,61,11.36,broken clouds
214,Hermanus,ZA,-34.4187,19.2345,57.79,74,2,11.63,clear sky
215,Aklavik,CA,68.2191,-135.0107,16.34,85,100,17.76,overcast clouds
216,Opuwo,NA,-18.0607,13.84,62.01,45,3,4.05,clear sky
217,Pringsewu,ID,-5.3582,104.9744,81.86,76,100,1.66,overcast clouds
218,Naples Park,US,26.2617,-81.8093,71.58,59,100,17.27,overcast clouds
219,Olga,RU,43.7444,135.2892,46.33,34,63,9.69,broken clouds
220,Coruripe,BR,-10.1256,-36.1756,75.24,86,12,6.89,few clouds
221,Cleveland,US,41.4995,-81.6954,60.55,31,0,10.36,clear sky
222,Ostrovnoy,RU,68.0531,39.5131,35.17,91,100,7.67,overcast clouds
223,Akhisar,TR,38.9185,27.8401,44.31,71,0,4.18,clear sky
224,Itarema,BR,-2.9248,-39.9167,77.97,79,99,11.43,overcast clouds
225,Gazojak,TM,41.1875,61.4036,38.12,64,0,9.4,clear sky
226,Port Moresby,PG,-9.4431,147.1797,90.82,55,40,19.57,haze
227,Oranjemund,NA,-28.55,16.4333,57.33,92,7,10.67,clear sky
228,Portland,US,45.5234,-122.6762,44.76,83,100,0.0,overcast clouds
229,Severo-Kurilsk,RU,50.6789,156.125,39.34,84,100,20.96,overcast clouds
230,Yarim,YE,14.298,44.3779,49.68,65,0,4.54,clear sky
231,Puri,IN,19.8,85.85,77.52,62,40,8.95,scattered clouds
232,Okhotsk,RU,59.3833,143.3,8.33,63,2,19.28,clear sky
233,San Luis,AR,-33.295,-66.3356,73.81,38,64,19.75,broken clouds
234,Boa Vista,BR,2.8197,-60.6733,75.18,88,20,4.61,light rain
235,Barrow,US,71.2906,-156.7887,28.42,74,0,18.41,clear sky
236,Garissa,KE,-0.4536,39.6401,76.42,82,59,10.56,broken clouds
237,Namibe,AO,-15.1961,12.1522,64.72,81,27,9.08,scattered clouds
238,Bajil,YE,15.0584,43.2851,79.32,73,5,4.14,clear sky
239,Taltal,CL,-25.4,-70.4833,60.37,79,1,2.86,clear sky
240,Salinopolis,BR,-0.6136,-47.3561,77.41,80,53,9.69,broken clouds
241,Dunedin,NZ,-45.8742,170.5036,55.8,61,1,5.99,clear sky
242,Iguape,BR,-24.7081,-47.5553,66.15,88,71,1.83,broken clouds
243,Torres,BR,-29.3353,-49.7269,62.83,92,9,6.04,clear sky
244,Hammerfest,NO,70.6634,23.6821,32.45,86,0,12.66,clear sky
245,Norman Wells,CA,65.282,-126.8329,10.44,85,20,6.91,few clouds
246,Bluff,NZ,-46.6,168.3333,58.8,62,0,17.45,clear sky
247,Sao Joao Da Barra,BR,-21.6403,-41.0511,69.33,93,100,6.64,overcast clouds
248,Biak,ID,-0.9131,122.8766,83.73,67,95,1.74,overcast clouds
249,Levashovo,RU,60.1022,30.2131,49.98,93,100,9.69,light rain
250,Sasaram,IN,24.951,84.0149,74.03,48,0,1.9,clear sky
251,Sesheke,ZM,-17.4759,24.2968,68.32,80,48,5.88,scattered clouds
252,Cachoeira Do Sul,BR,-30.0392,-52.8939,55.53,96,4,4.79,clear sky
253,Ouricuri,BR,-7.8825,-40.0817,78.17,61,92,1.86,overcast clouds
254,Yecla,ES,38.6137,-1.1147,51.78,75,0,5.82,clear sky
255,Mount Isa,AU,-20.7333,139.5,94.77,29,40,12.66,scattered clouds
256,Santa Maria,BR,-29.6842,-53.8069,57.97,86,19,8.03,few clouds
257,Tarragona,ES,41.129,1.249,61.32,74,0,4.61,clear sky
258,Plainview,US,40.7765,-73.4673,52.47,77,2,5.84,clear sky
259,Neuquen,AR,-38.9516,-68.0591,62.49,77,0,2.3,light rain
260,Dalen,NL,52.6992,6.7556,49.05,88,69,8.01,broken clouds
261,Melbu,NO,68.5044,14.8297,35.42,60,7,4.61,clear sky
262,Villa Carlos Paz,AR,-31.4241,-64.4978,70.39,33,51,1.99,broken clouds
263,Henties Bay,NA,-22.116,14.2845,57.04,93,1,4.25,clear sky
264,Snezhnogorsk,RU,69.1933,33.2531,26.38,88,98,7.87,overcast clouds
265,Mweka,CD,-4.85,21.5667,65.86,98,100,1.34,overcast clouds
266,Oyama,JP,36.3,139.8,72.59,41,64,3.31,broken clouds
267,Viedma,AR,-40.8135,-62.9967,67.28,48,100,10.0,overcast clouds
268,La Ronge,CA,55.1001,-105.2842,-5.55,84,20,3.44,few clouds
269,Boyolangu,ID,-8.1181,111.8935,83.52,72,85,3.76,overcast clouds
270,Los Alamos,US,35.8881,-106.307,50.56,30,0,18.41,clear sky
271,Marawi,PH,7.9986,124.2928,80.22,69,74,6.24,broken clouds
272,Kaka,TM,37.3482,59.6143,41.4,58,7,5.5,clear sky
273,Sonder Bjert,DK,55.4527,9.5674,48.15,100,30,6.91,scattered clouds
274,Anadyr,RU,64.75,177.4833,14.5,92,75,6.71,light snow
275,Ibra,OM,22.6906,58.5334,74.48,55,0,2.44,clear sky
276,Guilford,US,36.0668,-79.7998,55.51,69,75,8.05,broken clouds
277,Fairbanks,US,64.8378,-147.7164,16.14,89,20,0.0,few clouds
278,Elburg,NL,52.4475,5.8431,49.98,92,86,3.0,overcast clouds
279,Kuragino,RU,53.8975,92.6725,27.46,70,87,6.31,overcast clouds
280,Limon,CR,10.0,-83.0333,74.05,86,100,5.21,overcast clouds
281,Pangody,RU,65.85,74.4859,-6.57,95,12,5.3,few clouds
282,Saint-Pierre,RE,-21.3393,55.4781,77.58,57,0,4.61,clear sky
283,Cockburn Town,TC,21.4612,-71.1419,81.55,77,1,12.91,clear sky
284,Gladstone,AU,-23.85,151.25,78.73,41,40,18.41,scattered clouds
285,Khandbari,NP,27.3747,87.2039,66.36,59,5,1.5,clear sky
286,Mehamn,NO,71.0357,27.8492,33.75,80,75,11.5,broken clouds
287,Richards Bay,ZA,-28.783,32.0377,70.41,92,98,14.29,light rain
288,Sao Joaquim,BR,-28.2939,-49.9317,44.26,98,26,2.75,scattered clouds
289,Caravelas,BR,-17.7125,-39.2481,73.08,93,100,3.58,overcast clouds
290,Gorontalo,ID,0.5412,123.0595,89.4,58,100,4.03,overcast clouds
291,Balsas,BR,-7.5325,-46.0356,75.13,80,36,1.79,scattered clouds
292,Fort Nelson,CA,58.8053,-122.7002,-0.06,100,20,0.0,few clouds
293,Bay Saint Louis,US,30.3088,-89.33,64.42,55,0,8.05,clear sky
294,Ambovombe,MG,-25.1667,46.0833,74.8,68,2,4.38,clear sky
295,Kirovskiy,RU,45.0917,133.5136,39.49,42,53,6.42,broken clouds
296,Aswan,EG,24.0934,32.907,63.14,57,0,7.67,clear sky
297,Ullapool,GB,57.8987,-5.1604,59.34,89,100,25.32,light rain
298,Jinchang,CN,38.4953,102.1739,47.35,29,13,15.28,few clouds
299,Xichang,CN,27.8964,102.2634,62.31,66,5,3.0,clear sky
300,Coquimbo,CL,-29.9533,-71.3436,55.13,82,0,2.3,clear sky
301,Ambon,ID,-3.6954,128.1814,89.74,66,40,8.05,scattered clouds
302,Mersing,MY,2.4312,103.8405,76.91,94,40,4.61,thunderstorm with light rain
303,Bengkulu,ID,-3.8004,102.2655,80.17,79,99,3.29,moderate rain
304,Bafq,IR,31.6128,55.4107,55.11,39,95,0.78,overcast clouds
305,Nome,US,64.5011,-165.4064,33.87,70,100,8.05,overcast clouds
306,Sayyan,YE,15.1718,44.3244,50.94,38,2,3.31,clear sky
307,Faya,SA,18.3851,42.4509,59.11,67,21,2.82,few clouds
308,Carutapera,BR,-1.195,-46.02,74.46,89,10,4.94,clear sky
309,Hualmay,PE,-11.0964,-77.6139,63.23,85,11,7.72,few clouds
310,Bonavista,CA,48.6499,-53.1147,34.9,58,100,22.28,overcast clouds
311,Sorland,NO,67.667,12.6934,39.06,64,63,10.65,broken clouds
312,Torbay,CA,47.6666,-52.7314,34.75,68,75,14.97,broken clouds
313,Kokopo,PG,-4.352,152.2633,82.62,78,98,8.59,moderate rain
314,Gamba,GA,-2.65,10.0,75.9,90,100,7.92,moderate rain
315,Gat,IL,31.61,34.7642,60.4,76,0,2.75,clear sky
316,Port Hawkesbury,CA,45.6169,-61.3485,40.59,82,20,11.99,few clouds
317,Swift Current,CA,50.2834,-107.8014,2.21,85,100,8.05,overcast clouds
318,Oktyabrskiy,RU,54.4815,53.471,34.63,95,100,11.92,overcast clouds
319,Aztec,US,36.8222,-107.9929,39.11,77,89,16.15,overcast clouds
320,Banda Aceh,ID,5.5577,95.3222,82.83,73,92,8.48,light rain
321,Mecca,SA,21.4267,39.8261,74.75,61,13,2.89,few clouds
322,Trinidad,BO,-14.8333,-64.9,80.08,49,57,3.36,broken clouds
323,Wuning,CN,29.2589,120.2311,78.04,60,6,1.21,clear sky
324,Prince Rupert,CA,54.3161,-130.3201,35.29,59,100,16.11,overcast clouds
325,Sturgis,US,41.7992,-85.4192,62.4,42,0,9.22,clear sky
326,Sitka,US,57.0531,-135.33,35.49,75,100,13.8,light snow
327,Ulkan,RU,57.243,107.3223,22.44,83,92,7.96,overcast clouds
328,Cap Malheureux,MU,-19.9842,57.6142,76.46,64,7,5.99,clear sky
329,Teguise,ES,29.0605,-13.564,64.62,83,0,10.36,clear sky
330,Russell,US,32.3502,-85.1999,61.92,55,0,8.05,clear sky
331,Izhma,RU,65.0083,53.9113,30.79,97,100,3.98,overcast clouds
332,Winnemucca,US,40.973,-117.7357,26.65,80,0,3.44,clear sky
333,Urumqi,CN,43.801,87.6005,31.15,93,0,0.0,clear sky
334,Ko Samui,TH,9.5357,99.9357,87.71,70,20,13.8,few clouds
335,Nederland,US,29.9744,-93.9924,71.58,95,0,0.0,clear sky
336,Freeport,US,40.6576,-73.5832,52.97,77,20,8.05,few clouds
337,Koslan,RU,63.4564,48.8989,32.77,99,100,5.14,snow
338,Stonewall,CA,50.1344,-97.3268,19.78,76,100,13.24,overcast clouds
339,Vangaindrano,MG,-23.35,47.6,71.62,83,19,6.15,few clouds
340,Awjilah,LY,29.1081,21.2869,60.75,59,0,7.54,clear sky
341,Yerbogachen,RU,61.2767,108.0108,20.43,92,100,12.82,light snow
342,Tanout,NE,14.9709,8.8879,71.46,21,23,10.74,few clouds
343,Langsa,ID,4.4683,97.9683,84.07,72,94,3.0,moderate rain
344,Paris,FR,48.8534,2.3488,49.1,94,0,4.61,fog
345,Port Keats,AU,-14.25,129.55,92.25,53,53,11.12,broken clouds
346,San Quintin,MX,30.4833,-115.95,60.75,62,0,16.2,clear sky
347,Yulara,AU,-25.2406,130.9889,91.24,17,24,6.29,few clouds
348,Alofi,NU,-19.0595,-169.9187,80.49,65,75,12.66,broken clouds
349,Lima,PE,-12.0432,-77.0282,61.9,81,0,11.5,clear sky
350,Aliwal North,ZA,-30.6937,26.7114,55.35,71,95,6.22,overcast clouds
351,Anloga,GH,5.7947,0.8973,81.03,79,97,11.16,overcast clouds
352,Langfang,CN,39.5097,116.6947,60.76,53,36,6.11,scattered clouds
353,Guadalupe Y Calvo,MX,26.1,-106.9667,46.17,67,15,4.27,few clouds
354,Songjianghe,CN,42.1859,127.479,45.05,72,100,2.75,overcast clouds
355,Alice Springs,AU,-23.7,133.8833,94.55,21,4,16.11,clear sky
356,Boende,CD,-0.2167,20.8667,67.84,99,93,2.01,overcast clouds
357,Manaure,CO,11.7751,-72.4445,80.17,80,100,5.64,overcast clouds
358,Pisco,PE,-13.7,-76.2167,60.85,88,0,0.0,clear sky
359,Taksimo,RU,56.3444,114.8794,14.45,65,10,1.39,clear sky
360,Sept-Iles,CA,50.2001,-66.3821,34.32,69,100,8.05,overcast clouds
361,Betamcherla,IN,15.4667,78.1667,73.94,63,10,4.85,clear sky
362,Mareeba,AU,-17.0,145.4333,85.44,57,89,7.81,overcast clouds
363,Doha,QA,25.2867,51.5333,82.38,74,0,14.97,clear sky
364,Cayenne,GF,4.9333,-52.3333,77.04,94,75,3.44,broken clouds
365,Vila Franca Do Campo,PT,37.7167,-25.4333,69.19,92,97,19.44,overcast clouds
366,Lunglei,IN,22.8833,92.7333,71.89,47,0,1.14,clear sky
367,Ozinki,RU,51.1786,49.6769,35.15,87,95,9.78,overcast clouds
368,Nchelenge,ZM,-9.3451,28.734,68.32,89,100,3.69,moderate rain
369,Uchiza,PE,-8.4592,-76.4633,69.85,96,79,3.8,broken clouds
370,Anton Lizardo,MX,19.05,-95.9833,78.22,79,6,7.52,light rain
371,Port Blair,IN,11.6667,92.75,83.8,73,33,12.64,scattered clouds
372,Baykit,RU,61.67,96.37,21.54,89,100,8.9,overcast clouds
373,Omsukchan,RU,62.5333,155.8,-13.22,96,99,3.83,overcast clouds
374,Mugumu,TZ,-1.85,34.7,61.77,76,97,1.28,overcast clouds
375,Hajnowka,PL,52.7433,23.5812,39.79,91,100,1.01,overcast clouds
376,Derzhavinsk,KZ,51.1,66.3167,30.72,92,100,14.94,overcast clouds
377,Sinfra,CI,6.6167,-5.9167,69.85,99,54,3.33,broken clouds
378,Kaffrine,SN,14.1059,-15.5508,76.05,63,1,6.33,clear sky
379,Sangar,RU,63.9242,127.4739,-5.37,91,100,8.77,overcast clouds
380,Eshowe,ZA,-28.8865,31.4699,61.88,89,100,10.25,overcast clouds
381,Santa Cruz De Tenerife,ES,28.4682,-16.2546,74.28,79,0,4.0,clear sky
382,Touros,BR,-5.1989,-35.4608,77.22,77,69,12.8,broken clouds
383,Zyryanka,RU,65.75,150.85,0.34,95,100,6.64,light snow
384,Alta Floresta,BR,-9.8756,-56.0861,77.85,63,76,4.63,broken clouds
385,Lavrentiya,RU,65.5833,-171.0,22.33,74,100,4.07,overcast clouds
386,Pandan,PH,14.0453,124.1694,84.9,71,100,8.16,overcast clouds
387,Jaguarao,BR,-32.5661,-53.3758,56.61,93,24,6.44,few clouds
388,Tamluk,IN,22.3,87.9167,78.66,55,0,5.06,clear sky
389,Mackay,AU,-21.15,149.2,81.68,62,89,15.57,overcast clouds
390,Osuna,ES,37.2377,-5.1075,53.91,86,0,3.87,clear sky
391,Maine-Soroa,NE,13.2114,12.0241,73.9,21,18,7.67,few clouds
392,Hami,CN,42.8,93.45,42.76,34,100,3.47,overcast clouds
393,Soyo,AO,-6.1349,12.3689,77.38,82,99,6.87,overcast clouds
394,Kagalnitskaya,RU,46.8806,40.1466,40.28,93,9,7.02,clear sky
395,Muros,ES,42.7762,-9.0603,60.1,94,91,7.61,overcast clouds
396,Clyde River,CA,70.4692,-68.5914,1.63,78,100,23.02,mist
397,Oussouye,SN,12.485,-16.5469,73.58,78,3,6.38,clear sky
398,Zhigalovo,RU,54.8097,105.1578,21.54,83,90,3.0,overcast clouds
399,Victor Harbor,AU,-35.5667,138.6167,73.99,64,41,13.35,scattered clouds
400,Puerto Narino,CO,-3.7703,-70.3831,73.83,95,81,2.75,broken clouds
401,Taonan,CN,45.3333,122.7833,42.98,32,32,6.71,scattered clouds
402,Beaufort,MY,5.3473,115.7455,89.62,60,99,1.79,moderate rain
403,Acapulco,MX,16.8634,-99.8901,80.42,83,0,5.75,clear sky
404,Kerema,PG,-7.9631,145.7785,84.42,69,92,9.46,overcast clouds
405,Svetlaya,RU,46.5389,138.3297,39.33,30,0,8.95,clear sky
406,Tuatapere,NZ,-46.1333,167.6833,66.42,39,0,6.73,clear sky
407,Esperance,AU,-33.8667,121.9,71.67,54,89,8.21,overcast clouds
408,Bontang,ID,0.1333,117.5,81.77,80,100,3.8,overcast clouds
409,Selenice,AL,40.5306,19.6358,56.79,84,9,3.18,clear sky
410,Kutum,SD,14.2,24.6667,62.28,30,3,6.51,clear sky
411,Aberdeen,GB,57.1437,-2.0981,56.5,90,20,14.97,few clouds
412,Barguzin,RU,53.6167,109.6167,22.77,75,33,1.28,scattered clouds
413,Shimoda,JP,34.6667,138.95,71.96,56,4,14.0,clear sky
414,Dongsheng,CN,39.8161,109.9776,50.16,62,98,9.24,overcast clouds
415,Adrar,MR,20.5022,-10.0711,70.29,16,1,8.39,clear sky
416,Smithers,CA,54.7804,-127.1743,10.72,72,20,3.44,few clouds
417,Aitape,PG,-3.1374,142.3475,83.44,79,66,4.38,heavy intensity rain
418,Gambela,ET,8.25,34.5833,70.12,81,46,2.98,scattered clouds
419,Fuxin,CN,42.0156,121.6589,54.09,28,0,5.91,clear sky
420,Canutama,BR,-6.5339,-64.3831,73.96,94,55,3.02,broken clouds
421,Ler,SS,8.3018,30.1418,73.24,35,100,4.32,overcast clouds
422,Upata,VE,8.0086,-62.3989,73.18,94,100,0.94,moderate rain
423,Brae,GB,60.3964,-1.353,50.59,91,100,25.55,light rain
424,Chifeng,CN,42.2683,118.9636,46.53,31,0,2.64,clear sky
425,Rio Gallegos,AR,-51.6226,-69.2181,39.25,60,0,9.22,clear sky
426,Kununurra,AU,-15.7667,128.7333,102.18,32,28,5.75,scattered clouds
427,Sibolga,ID,1.7427,98.7792,83.59,72,100,2.62,overcast clouds
428,Chimbote,PE,-9.0853,-78.5783,63.07,85,77,7.52,broken clouds
429,Korla,CN,41.7597,86.1469,45.82,51,100,9.31,overcast clouds
430,Keti Bandar,PK,24.1447,67.4497,79.47,65,0,7.02,clear sky
431,Helena,US,46.5927,-112.0361,9.18,76,75,9.22,broken clouds
432,Inirida,CO,3.8653,-67.9239,72.57,97,99,2.73,overcast clouds
433,Korsor,DK,55.3299,11.1386,52.32,85,82,19.1,broken clouds
434,Rafsanjan,IR,30.4067,55.9939,59.31,52,100,2.48,overcast clouds
435,Lompoc,US,34.6391,-120.4579,52.02,83,0,10.36,clear sky
436,Gidam,IN,18.9833,81.4,71.82,62,6,4.09,clear sky
437,Hohhot,CN,40.8106,111.6522,50.29,87,40,4.47,mist
438,Malartic,CA,48.1335,-78.1328,37.02,95,100,8.68,heavy intensity rain
439,Rayong,TH,12.8333,101.4333,87.78,93,100,9.84,overcast clouds
440,Botucatu,BR,-22.8858,-48.445,58.51,73,36,5.08,scattered clouds
441,Rawlins,US,41.7911,-107.2387,26.49,86,100,17.27,overcast clouds
442,Guerrero Negro,MX,27.9769,-114.0611,65.16,68,100,17.63,overcast clouds
443,Emet,TR,39.343,29.2585,36.18,50,0,3.69,clear sky
444,Staraya Toropa,RU,56.2801,31.6702,45.01,91,100,8.84,overcast clouds
445,Nhamunda,BR,-2.1861,-56.7131,77.5,82,47,2.51,scattered clouds
446,Birakan,RU,49.0167,131.7,28.47,42,0,11.88,clear sky
447,Axim,GH,4.8699,-2.2405,77.9,85,82,7.49,broken clouds
448,Djibo,BF,14.1022,-1.6306,75.43,15,17,8.25,few clouds
449,Bitung,ID,1.4451,125.1824,86.85,68,100,3.18,overcast clouds
450,Ossora,RU,59.2353,163.0719,20.84,82,97,3.87,overcast clouds
451,Taoudenni,ML,22.6783,-3.9836,72.23,13,0,10.49,clear sky
452,Gualaquiza,EC,-3.4,-78.55,62.1,98,74,1.45,light rain
453,Mandalgovi,MN,45.7625,106.2708,39.27,37,92,8.34,overcast clouds
454,Ekhabi,RU,53.5102,142.9671,26.46,67,100,24.79,overcast clouds
455,Nadvoitsy,RU,63.8667,34.3167,32.52,89,99,5.53,overcast clouds
456,Wad Madani,SD,14.4012,33.5199,71.55,27,7,9.69,clear sky
457,Tres Arroyos,AR,-38.3739,-60.2798,62.8,34,35,13.53,scattered clouds
458,Puerto Madryn,AR,-42.7692,-65.0385,67.3,62,100,16.73,overcast clouds
459,Mogadishu,SO,2.0371,45.3438,78.28,85,82,10.38,broken clouds
460,Klaksvik,FO,62.2266,-6.589,49.12,92,97,21.21,light rain
461,Ivanovka,KG,42.8878,75.085,36.5,54,13,2.82,few clouds
462,Toora-Khem,RU,52.4675,96.11,22.59,64,100,6.53,overcast clouds
463,Shagonar,RU,51.5333,92.8,25.34,81,71,4.47,broken clouds
464,Predivinsk,RU,57.0669,93.4378,26.92,82,100,9.66,overcast clouds
465,Bida,NG,9.0833,6.0167,74.16,47,76,1.9,broken clouds
466,Tsiroanomandidy,MG,-18.7667,46.0333,69.08,79,47,1.21,scattered clouds
467,Homer,US,59.6425,-151.5483,36.81,82,100,5.01,overcast clouds
468,Laguna,US,38.421,-121.4238,51.06,81,0,4.61,clear sky
469,Bulawayo,ZW,-20.15,28.5833,66.67,73,0,1.23,clear sky
470,Alugan,PH,12.2188,125.4808,82.54,76,98,7.72,heavy intensity rain
471,Abu Dhabi,AE,24.4667,54.3667,80.62,44,0,6.91,clear sky
472,Tura,IN,25.5198,90.2201,72.88,82,4,1.23,clear sky
473,Chibuto,MZ,-24.6867,33.5306,73.72,90,91,10.8,light rain
474,Baikunthpur,IN,23.25,82.55,69.48,52,0,3.06,clear sky
475,Chanute,US,37.6792,-95.4572,69.91,78,0,14.97,clear sky
476,Akureyri,IS,65.6835,-18.0878,39.13,93,75,3.44,broken clouds
477,Naze,JP,28.3667,129.4833,76.12,78,72,10.85,broken clouds
478,Road Town,VG,18.4167,-64.6167,80.69,73,53,13.49,broken clouds
479,Slave Lake,CA,55.2834,-114.769,1.38,85,0,6.91,clear sky
480,Umm Lajj,SA,25.0213,37.2685,71.92,61,0,9.1,clear sky
481,Sao Filipe,CV,14.8961,-24.4956,77.4,67,100,9.15,overcast clouds
482,Kangaatsiaq,GL,68.3065,-53.4641,22.15,73,100,21.54,overcast clouds
483,Ankpa,NG,7.3706,7.6253,69.84,88,84,4.05,broken clouds
484,Ponta Delgada,PT,37.7333,-25.6667,69.49,88,75,17.27,broken clouds
485,Sorong,ID,-0.8833,131.25,84.2,69,75,6.31,broken clouds
486,Ferrol,ES,43.4832,-8.2369,61.32,88,95,7.43,overcast clouds
487,Half Moon Bay,US,37.4636,-122.4286,54.63,82,0,10.36,clear sky
488,Ayan,RU,56.45,138.1667,18.05,51,56,15.39,broken clouds
489,Northam,GB,51.0333,-4.2167,54.61,92,41,17.72,scattered clouds
490,Voyvozh,RU,62.892,54.9635,30.11,98,98,4.61,overcast clouds
491,Kudahuvadhoo,MV,2.6708,72.8944,80.55,77,100,12.91,overcast clouds
492,Uchana,IN,29.4667,76.1667,71.82,46,87,3.04,overcast clouds
493,Goianesia,BR,-15.3175,-49.1175,71.64,75,58,2.86,broken clouds
494,Karema,TZ,-6.8205,30.4389,72.12,82,100,4.56,light rain
495,Itoigawa,JP,37.0333,137.85,66.02,48,43,4.05,scattered clouds
496,Longyearbyen,SJ,78.2186,15.6401,22.84,68,20,10.36,few clouds
497,At-Bashi,KG,41.1702,75.8106,17.91,44,3,1.59,clear sky
498,Roebourne,AU,-20.7833,117.1333,85.46,28,0,15.79,clear sky
499,Magan,ES,39.9683,-3.931,56.32,75,0,2.15,clear sky
500,Bam,IR,29.106,58.357,59.61,35,43,1.52,scattered clouds
501,Nalut,LY,30.3333,10.85,58.14,42,6,7.9,clear sky
502,Naregal,IN,15.5833,75.8167,71.96,60,8,10.16,clear sky
503,Dukat,RU,62.55,155.55,-15.34,98,70,4.5,broken clouds
504,Geraldton,AU,-28.7667,114.6,72.01,49,27,13.8,scattered clouds
505,Darnah,LY,32.767,22.6367,66.42,65,0,13.85,clear sky
506,Yilan,TW,24.757,121.753,88.02,72,18,4.63,few clouds
507,Mitsamiouli,KM,-11.3847,43.2844,79.09,73,20,16.11,few clouds
508,Pochutla,MX,15.7432,-96.4661,77.83,92,0,3.83,light rain
509,Cuitlahuac,MX,18.8167,-96.7167,68.99,96,64,2.46,light rain
510,Warrensburg,US,38.7628,-93.7361,71.67,74,0,12.66,clear sky
511,Vardo,NO,70.3705,31.1107,37.38,87,100,14.97,light rain
512,Sibu,MY,2.3,111.8167,82.71,78,40,3.44,scattered clouds
513,Saint-Joseph,RE,-21.3667,55.6167,76.48,71,64,7.31,broken clouds
514,Popondetta,PG,-8.7537,148.2534,89.62,58,59,4.88,broken clouds
515,Nichinan,JP,31.6,131.3667,71.28,62,19,4.29,few clouds
516,Nisia Floresta,BR,-6.0911,-35.2086,76.01,85,33,6.91,scattered clouds
517,Krasnyy Chikoy,RU,50.3643,108.7512,30.49,90,100,4.18,light snow
518,Machiques,VE,10.0644,-72.545,74.7,93,100,6.38,moderate rain
519,Seydi,TM,39.4816,62.9137,39.74,66,0,7.25,clear sky
520,Buala,SB,-8.145,159.5921,83.05,77,100,10.25,light rain
521,Doka,SD,13.5167,35.7667,73.04,36,39,5.01,scattered clouds
522,Coihaique,CL,-45.5752,-72.0662,50.61,71,0,2.3,clear sky
523,Cessnock,AU,-32.8333,151.35,76.55,37,2,7.76,clear sky
524,Dingle,PH,10.9995,122.6711,85.23,72,73,11.74,broken clouds
525,Sambava,MG,-14.2667,50.1667,70.95,78,87,5.97,overcast clouds
526,Totness,SR,5.8833,-56.3167,77.43,88,100,4.38,overcast clouds
527,Morant Bay,JM,17.8815,-76.4093,80.22,79,1,4.41,clear sky
528,Pitkyaranta,RU,61.5734,31.4792,44.78,98,100,12.12,light rain
529,The Valley,AI,18.217,-63.0578,81.1,73,80,14.85,broken clouds
530,Malanje,AO,-9.5402,16.341,62.73,98,100,4.36,overcast clouds
531,Antofagasta,CL,-23.65,-70.4,61.88,74,40,2.71,scattered clouds
532,Pangkalanbuun,ID,-2.6833,111.6167,87.31,62,100,3.33,overcast clouds
533,Hofn,IS,64.2539,-15.2082,43.74,93,100,18.75,overcast clouds
534,Luwuk,ID,-0.9516,122.7875,86.54,65,98,3.33,overcast clouds
535,Nara,JP,34.6851,135.8049,71.96,48,93,3.85,overcast clouds
536,Pangnirtung,CA,66.1451,-65.7125,1.56,96,100,1.92,overcast clouds
537,Nadym,RU,65.5333,72.5167,-1.26,90,5,6.53,clear sky
538,Rock Sound,BS,24.9,-76.2,80.69,78,80,24.16,broken clouds
539,Port-Cartier,CA,50.0334,-66.8654,34.02,76,100,10.25,overcast clouds
540,Namatanai,PG,-3.6667,152.4333,86.29,67,54,8.14,light rain
541,Ipixuna,BR,-1.7625,-48.8043,72.66,92,100,3.78,overcast clouds
542,College,US,64.8569,-147.8028,16.12,89,75,0.0,broken clouds
543,Tucurui,BR,-3.7661,-49.6725,74.68,85,48,2.26,scattered clouds
544,Ibb,YE,13.9667,44.1833,59.29,66,0,4.68,clear sky
545,Gravelbourg,CA,49.8834,-106.5512,5.27,90,100,7.16,overcast clouds
546,Ust-Karsk,RU,52.7011,118.8077,24.75,59,21,2.1,few clouds
547,Maple Creek,CA,49.9168,-109.4848,10.81,78,100,2.3,overcast clouds
548,Bar Harbor,US,44.3876,-68.2039,48.02,72,0,14.97,clear sky
549,Mbandaka,CD,0.0487,18.2603,70.29,98,99,3.02,overcast clouds
550,Malinovoye Ozero,RU,51.6753,79.7825,27.54,88,87,8.34,overcast clouds
551,Barra Do Garcas,BR,-15.89,-52.2567,80.06,58,80,1.5,broken clouds
552,Calabozo,VE,8.9242,-67.4293,75.67,88,97,3.49,overcast clouds
553,Maues,BR,-3.3836,-57.7186,73.9,92,56,2.73,broken clouds
554,Ketchikan,US,55.3422,-131.6461,30.18,52,97,4.18,overcast clouds
555,Moron,AR,-34.6534,-58.6198,71.35,63,15,9.01,few clouds
556,Rawson,AR,-43.3002,-65.1023,67.23,57,100,12.95,overcast clouds
557,Bang Mun Nak,TH,16.0278,100.3792,79.75,71,99,5.28,overcast clouds
558,Tigil,RU,57.8,158.6667,26.98,94,100,5.5,light snow
559,Srednekolymsk,RU,67.45,153.6833,-2.51,97,100,3.76,light snow
560,Imeni Babushkina,RU,59.7573,43.1285,42.53,98,100,6.73,overcast clouds
561,Benjamin Hill,MX,30.1667,-111.1,59.54,69,0,9.75,clear sky
562,Salalah,OM,17.0151,54.0924,73.49,60,0,3.44,clear sky
563,Atambua,ID,-9.1061,124.8925,86.02,60,71,3.09,broken clouds
564,Goderich,CA,43.7501,-81.7165,59.92,33,66,17.27,broken clouds
565,Borogontsy,RU,62.6683,131.1683,-1.84,92,99,4.07,overcast clouds
566,Killarney,IE,52.05,-9.5167,57.61,88,100,11.81,light rain
567,Yar-Sale,RU,66.8333,70.8333,-1.8,93,14,6.06,few clouds
568,Aconibe,GQ,1.2968,10.9369,66.16,99,100,1.48,light rain
569,Port-Gentil,GA,-0.7193,8.7815,76.17,91,100,7.7,heavy intensity rain
570,Manokwari,ID,-0.8667,134.0833,82.49,75,100,5.19,overcast clouds
571,Kurmanayevka,RU,52.5093,52.0675,34.79,94,100,11.16,overcast clouds
572,Celestun,MX,20.8667,-90.4,76.93,75,0,10.38,clear sky
573,Marzuq,YE,14.4,46.4667,61.52,68,3,3.8,clear sky
574,Thunder Bay,CA,48.4001,-89.3168,42.78,100,100,4.61,overcast clouds
575,Santo Domingo,DO,18.5001,-69.9886,81.03,89,40,1.99,scattered clouds
576,Turayf,SA,31.6725,38.6637,48.45,100,0,4.61,clear sky
577,Dubbo,AU,-32.25,148.6167,77.13,44,75,11.5,broken clouds
578,Sola,VU,-13.8833,167.55,84.87,84,75,5.75,broken clouds
579,Qui Nhon,VN,13.7667,109.2333,80.15,80,90,14.18,overcast clouds
580,Seoul,KR,37.5683,126.9778,62.2,59,0,4.61,haze
581,Ust-Maya,RU,60.4167,134.5333,-4.22,93,100,3.38,overcast clouds
582,Jodhpur,IN,26.2867,73.03,75.58,31,0,1.01,clear sky
583,Maragogi,BR,-9.0122,-35.2225,75.33,82,52,4.41,broken clouds
584,Monrovia,LR,6.3005,-10.7969,76.33,87,22,4.85,moderate rain
585,Westport,US,41.1415,-73.3579,51.62,75,0,11.5,clear sky
586,Denizli,TR,37.8402,29.0698,47.62,67,0,2.01,clear sky
587,Manta,EC,-0.95,-80.7333,71.38,83,0,4.61,clear sky
588,Inuvik,CA,68.3499,-133.7218,20.26,79,75,9.22,broken clouds
589,Balashov,RU,51.5502,43.1667,39.34,82,100,8.03,overcast clouds
590,Mineiros,BR,-17.5694,-52.5511,70.43,41,0,0.51,clear sky
591,Rafraf,TN,37.1904,10.1837,53.92,61,100,3.65,overcast clouds
592,Baijiantan,CN,45.6333,85.1833,38.84,47,100,3.98,overcast clouds
593,Socorro,US,31.6546,-106.3033,72.61,25,0,16.11,clear sky
594,Avdiyivka,UA,48.1399,37.7426,38.41,88,12,4.45,few clouds
595,Puerto Leguizamo,CO,-0.1934,-74.7819,74.17,93,96,3.13,overcast clouds
596,Ziyang,CN,29.2497,117.8547,83.98,43,34,0.92,scattered clouds
597,Georgetown,MY,5.4112,100.3354,87.73,73,20,5.75,few clouds
598,Asfi,MA,32.2994,-9.2372,63.55,90,0,11.23,clear sky
599,Sandy Bay,AU,-42.913,147.3532,82.09,48,75,17.27,broken clouds
600,Valentin Gomez Farias,MX,28.2167,-106.5833,57.96,39,2,9.73,clear sky
601,Kysyl-Syr,RU,63.8986,122.7617,8.73,94,100,4.74,light snow
602,Jutai,BR,-5.1833,-68.9,74.55,80,54,3.71,broken clouds
603,Ust-Nera,RU,64.5667,143.2,-19.98,97,61,4.76,broken clouds
604,Kodinsk,RU,58.6881,99.1844,24.51,83,100,9.71,overcast clouds
605,Camacha,PT,33.0833,-16.3333,63.82,77,20,4.61,few clouds
606,Kolpny,RU,52.2282,37.0368,39.25,92,100,8.03,overcast clouds
607,Pareora,NZ,-44.4871,171.2132,53.44,72,92,11.1,overcast clouds
608,Puerto Escondido,MX,15.85,-97.0667,81.43,65,75,3.44,broken clouds
609,Ishinomaki,JP,38.4167,141.3,64.4,47,100,6.13,overcast clouds
610,Kattivakkam,IN,13.2167,80.3167,80.69,68,90,8.75,overcast clouds
611,Ahmadpur Sial,PK,30.6754,71.7483,72.55,44,6,4.63,clear sky
612,Hobyo,SO,5.3505,48.5268,80.4,66,2,13.0,clear sky
613,Duayaw Nkwanta,GH,7.1724,-2.1028,68.49,98,100,2.71,overcast clouds
614,Vulcanesti,MD,45.6842,28.4028,45.39,91,24,7.45,few clouds
615,Chulman,RU,56.8479,124.9104,16.77,81,93,1.81,overcast clouds
616,Farafangana,MG,-22.8167,47.8333,76.1,76,41,10.36,scattered clouds
617,Panshi,CN,42.9422,126.0561,51.42,67,85,1.21,overcast clouds
618,Meiganga,CM,6.5167,14.3,64.8,57,11,2.04,few clouds
619,Witu,KE,-2.3889,40.4382,75.36,88,98,3.74,light rain
620,Shambu,ET,9.5667,37.1,52.07,84,87,0.72,light rain
621,Turukhansk,RU,65.8167,87.9833,-16.56,100,100,3.22,overcast clouds
622,Mabai,CN,23.0128,104.4508,65.88,62,24,5.3,few clouds
623,Vanimo,PG,-2.6741,141.3028,82.9,84,88,7.18,overcast clouds
624,Karasjok,NO,69.4719,25.5112,23.97,99,98,3.69,overcast clouds
625,Ipora,BR,-16.4419,-51.1178,71.28,71,15,1.95,few clouds
626,Douglas,US,41.3,-96.167,68.67,81,100,20.71,overcast clouds
627,Amapa,BR,1.0,-52.0,71.62,100,100,1.21,overcast clouds
628,Farah,AF,32.5,62.5,56.82,38,0,1.1,clear sky
629,Waipawa,NZ,-41.4122,175.5153,52.41,57,1,12.84,clear sky
630,Idlib,SY,35.9306,36.6339,55.96,73,99,4.23,overcast clouds
631,Gornopravdinsk,RU,60.05,69.9,31.26,98,100,2.13,light snow
632,Whitecourt,CA,54.1502,-115.6855,0.64,85,0,6.91,clear sky
633,Diamantino,BR,-14.4086,-56.4461,76.55,43,4,5.53,clear sky
634,Saint-Georges,GD,12.0564,-61.7485,80.28,89,20,12.66,few clouds
635,Selkirk,CA,50.1436,-96.8845,20.16,85,100,12.48,overcast clouds
636,Paragould,US,36.0584,-90.4973,66.85,75,7,8.16,clear sky
637,Syracuse,IT,37.0881,15.2792,62.19,75,18,3.47,few clouds
638,Muromtsevo,RU,56.3724,75.2418,29.84,93,100,10.49,overcast clouds
639,Kroya,ID,-7.6331,109.2461,85.39,67,62,5.79,broken clouds
640,Tateyama,JP,34.9833,139.8667,69.73,55,3,19.69,clear sky
641,Pontianak,ID,-0.0333,109.3333,85.98,70,75,11.5,broken clouds
642,Petropavlovsk-Kamchatskiy,RU,53.0452,158.6483,28.99,59,75,2.24,broken clouds
643,Fallon,US,39.4735,-118.7774,34.45,75,20,5.75,few clouds
644,Brasileia,BR,-11.0161,-68.7481,78.73,50,62,1.86,broken clouds
645,Green Valley,US,31.8543,-110.9937,56.17,80,5,1.01,clear sky
646,Playa Del Carmen,MX,20.6274,-87.0799,80.02,78,0,4.61,clear sky
647,Grimmen,DE,54.1121,13.0405,50.99,72,100,16.28,overcast clouds
648,Dinghai,CN,26.2847,119.7936,74.32,86,100,8.3,overcast clouds
649,Kant,IN,27.8,79.8,75.58,51,0,2.71,clear sky
650,Parasia,IN,22.2,78.7667,74.14,40,5,5.84,clear sky
651,Rocha,UY,-34.4833,-54.3333,53.85,97,64,5.88,broken clouds
652,Marsaxlokk,MT,35.8419,14.5431,57.81,94,20,1.14,few clouds
653,Piranhas,BR,-16.4269,-51.8222,74.35,65,7,0.85,clear sky
654,Sooke,CA,48.3746,-123.7276,40.77,94,3,5.37,clear sky
655,Pacific Grove,US,36.6177,-121.9166,50.11,85,20,4.61,few clouds
656,Asosa,ET,10.0667,34.5333,58.75,52,15,5.39,few clouds
657,Korem,ET,12.5058,39.5228,52.88,84,24,3.2,few clouds
658,Kostino,RU,58.9097,53.2691,34.61,99,100,4.36,overcast clouds
659,Spencer,US,43.1414,-95.1444,68.11,78,100,19.57,overcast clouds
660,Walvis Bay,NA,-22.9575,14.5053,59.09,100,0,8.05,clear sky
661,North Bend,US,43.4065,-124.2243,41.92,99,0,4.61,clear sky
662,Great Falls,US,47.5002,-111.3008,2.16,86,100,9.22,overcast clouds
663,San Cristobal,VE,7.7669,-72.225,64.58,98,100,1.77,overcast clouds
664,Ormara,PK,25.2088,64.6357,79.68,60,0,3.33,clear sky
665,Tarakan,ID,3.3,117.6333,87.3,70,40,8.05,scattered clouds
666,San Andres,CO,12.5847,-81.7006,82.42,83,40,5.75,scattered clouds
667,Raudeberg,NO,61.9875,5.1352,48.87,1,100,22.79,light rain
668,Tabou,CI,4.423,-7.3528,77.05,84,19,6.53,few clouds
669,Ahuimanu,US,21.4447,-157.8378,80.31,67,1,4.0,clear sky
670,Goulburn,AU,-34.75,149.7167,71.06,39,7,1.36,clear sky
671,Wamba,NG,8.9333,8.6,72.01,44,81,3.89,broken clouds
672,Chapais,CA,49.7834,-74.8492,33.58,79,100,9.28,overcast clouds
673,Vao,NC,-22.6667,167.4833,73.22,77,35,16.98,scattered clouds
674,Makakilo City,US,21.3469,-158.0858,79.12,53,0,12.66,clear sky
675,Marion,US,39.7684,-86.1555,61.57,49,0,5.75,clear sky
676,Arman,RU,59.7,150.1667,5.02,77,90,10.36,overcast clouds
677,Khani,GE,41.9563,42.9566,40.57,78,100,0.76,overcast clouds
678,Beira,MZ,-19.8436,34.8389,73.49,100,20,2.3,mist
679,Mantua,IT,45.1667,10.7833,54.64,87,100,2.28,light rain
680,Havre-Saint-Pierre,CA,50.2334,-63.5986,35.6,74,100,4.61,overcast clouds
681,Kavaratti,IN,10.5669,72.642,82.96,69,56,11.59,broken clouds
682,Apaseo El Alto,MX,20.45,-100.6167,60.75,59,0,7.45,clear sky
683,Patu,BR,-6.11,-37.6367,78.67,64,100,2.62,overcast clouds
684,Bogo,PH,11.0517,124.0055,84.15,72,95,8.75,light rain
685,Linxia,CN,35.6003,103.2064,53.62,58,22,4.72,few clouds
686,Ekpoma,NG,6.7421,6.139,68.79,95,86,2.98,overcast clouds
687,Boo,SE,59.3333,18.2833,48.11,98,75,4.61,broken clouds
